Title,Price,Rating
A Light in the Attic,£51.77,3/5
Tipping the Velvet,£53.74,1/5
Soumission,£50.10,1/5
Sharp Objects,£47.82,4/5
Sapiens: A Brief History of Humankind,£54.23,5/5
The Requiem Red,£22.65,1/5
The Dirty Little Secrets of Getting Your Dream Job,£33.34,4/5
"The Coming Woman: A Novel Based on the Life of the Infamous Feminist, Victoria Woodhull",£17.93,3/5
The Boys in the Boat: Nine Americans and Their Epic Quest for Gold at the 1936 Berlin Olympics,£22.60,4/5
The Black Maria,£52.15,1/5
"Starving Hearts (Triangular Trade Trilogy, #1)",£13.99,2/5
Shakespeare's Sonnets,£20.66,4/5
Set Me Free,£17.46,5/5
Scott Pilgrim's Precious Little Life (Scott Pilgrim #1),£52.29,5/5
Rip it Up and Start Again,£35.02,5/5
"Our Band Could Be Your Life: Scenes from the American Indie Underground, 1981-1991",£57.25,3/5
Olio,£23.88,1/5
Mesaerion: The Best Science Fiction Stories 1800-1849,£37.59,1/5
Libertarianism for Beginners,£51.33,2/5
It's Only the Himalayas,£45.17,2/5
In Her Wake,£12.84,1/5
How Music Works,£37.32,2/5
"Foolproof Preserving: A Guide to Small Batch Jams, Jellies, Pickles, Condiments, and More: A Foolproof Guide to Making Small Batch Jams, Jellies, Pickles, Condiments, and More",£30.52,3/5
Chase Me (Paris Nights #2),£25.27,5/5
Black Dust,£34.53,5/5
Birdsong: A Story in Pictures,£54.64,3/5
America's Cradle of Quarterbacks: Western Pennsylvania's Football Factory from Johnny Unitas to Joe Montana,£22.50,3/5
Aladdin and His Wonderful Lamp,£53.13,3/5
Worlds Elsewhere: Journeys Around Shakespeare’s Globe,£40.30,5/5
Wall and Piece,£44.18,4/5
The Four Agreements: A Practical Guide to Personal Freedom,£17.66,5/5
The Five Love Languages: How to Express Heartfelt Commitment to Your Mate,£31.05,3/5
The Elephant Tree,£23.82,5/5
The Bear and the Piano,£36.89,1/5
Sophie's World,£15.94,5/5
Penny Maybe,£33.29,3/5
Maude (1883-1993):She Grew Up with the country,£18.02,2/5
"In a Dark, Dark Wood",£19.63,1/5
Behind Closed Doors,£52.22,4/5
You can't bury them all: Poems,£33.63,2/5
Slow States of Collapse: Poems,£57.31,3/5
Reasons to Stay Alive,£26.41,2/5
Private Paris (Private #10),£47.61,5/5
#HigherSelfie: Wake Up Your Life. Free Your Soul. Find Your Tribe.,£23.11,5/5
Without Borders (Wanderlove #1),£45.07,2/5
When We Collided,£31.77,1/5
"We Love You, Charlie Freeman",£50.27,5/5
Untitled Collection: Sabbath Poems 2014,£14.27,4/5
"Unseen City: The Majesty of Pigeons, the Discreet Charm of Snails & Other Wonders of the Urban Wilderness",£44.18,4/5
Unicorn Tracks,£18.78,3/5
"Unbound: How Eight Technologies Made Us Human, Transformed Society, and Brought Our World to the Brink",£25.52,1/5
Tsubasa: WoRLD CHRoNiCLE 2 (Tsubasa WoRLD CHRoNiCLE #2),£16.28,1/5
Throwing Rocks at the Google Bus: How Growth Became the Enemy of Prosperity,£31.12,3/5
This One Summer,£19.49,4/5
Thirst,£17.27,5/5
The Torch Is Passed: A Harding Family Story,£19.09,1/5
The Secret of Dreadwillow Carse,£56.13,1/5
"The Pioneer Woman Cooks: Dinnertime: Comfort Classics, Freezer Food, 16-Minute Meals, and Other Delicious Ways to Solve Supper!",£56.41,1/5
The Past Never Ends,£56.50,4/5
The Natural History of Us (The Fine Art of Pretending #2),£45.22,3/5
The Nameless City (The Nameless City #1),£38.16,4/5
The Murder That Never Was (Forensic Instincts #5),£54.11,3/5
The Most Perfect Thing: Inside (and Outside) a Bird's Egg,£42.96,4/5
"The Mindfulness and Acceptance Workbook for Anxiety: A Guide to Breaking Free from Anxiety, Phobias, and Worry Using Acceptance and Commitment Therapy",£23.89,4/5
The Life-Changing Magic of Tidying Up: The Japanese Art of Decluttering and Organizing,£16.77,3/5
"The Inefficiency Assassin: Time Management Tactics for Working Smarter, Not Longer",£20.59,5/5
The Gutsy Girl: Escapades for Your Life of Epic Adventure,£37.13,1/5
The Electric Pencil: Drawings from Inside State Hospital No. 3,£56.06,1/5
The Death of Humanity: and the Case for Life,£58.11,4/5
"The Bulletproof Diet: Lose up to a Pound a Day, Reclaim Energy and Focus, Upgrade Your Life",£49.05,3/5
The Art Forger,£40.76,3/5
The Age of Genius: The Seventeenth Century and the Birth of the Modern Mind,£19.73,1/5
The Activist's Tao Te Ching: Ancient Advice for a Modern Revolution,£32.24,5/5
Spark Joy: An Illustrated Master Class on the Art of Organizing and Tidying Up,£41.83,4/5
Soul Reader,£39.58,2/5
Security,£39.25,2/5
"Saga, Volume 6 (Saga (Collected Editions) #6)",£25.02,3/5
"Saga, Volume 5 (Saga (Collected Editions) #5)",£51.04,2/5
Reskilling America: Learning to Labor in the Twenty-First Century,£19.83,2/5
"Rat Queens, Vol. 3: Demons (Rat Queens (Collected Editions) #11-15)",£50.40,3/5
"Princess Jellyfish 2-in-1 Omnibus, Vol. 01 (Princess Jellyfish 2-in-1 Omnibus #1)",£13.61,5/5
Princess Between Worlds (Wide-Awake Princess #5),£13.34,5/5
"Pop Gun War, Volume 1: Gift",£18.97,1/5
"Political Suicide: Missteps, Peccadilloes, Bad Calls, Backroom Hijinx, Sordid Pasts, Rotten Breaks, and Just Plain Dumb Mistakes in the Annals of American Politics",£36.28,2/5
Patience,£10.16,3/5
"Outcast, Vol. 1: A Darkness Surrounds Him (Outcast #1)",£15.44,4/5
orange: The Complete Collection 1 (orange: The Complete Collection #1),£48.41,1/5
Online Marketing for Busy Authors: A Step-By-Step Guide,£46.35,1/5
On a Midnight Clear,£14.07,3/5
Obsidian (Lux #1),£14.86,2/5
My Paris Kitchen: Recipes and Stories,£33.37,2/5
Masks and Shadows,£56.40,2/5
"Mama Tried: Traditional Italian Cooking for the Screwed, Crude, Vegan, and Tattooed",£14.02,4/5
"Lumberjanes, Vol. 2: Friendship to the Max (Lumberjanes #5-8)",£46.91,2/5
"Lumberjanes, Vol. 1: Beware the Kitten Holy (Lumberjanes #1-4)",£45.61,3/5
Lumberjanes Vol. 3: A Terrible Plan (Lumberjanes #9-12),£19.92,2/5
"Layered: Baking, Building, and Styling Spectacular Cakes",£40.11,1/5
Judo: Seven Steps to Black Belt (an Introductory Guide for Beginners),£53.90,2/5
Join,£35.67,5/5
In the Country We Love: My Family Divided,£22.00,4/5
Immunity: How Elie Metchnikoff Changed the Course of Modern Medicine,£57.36,5/5
"I Hate Fairyland, Vol. 1: Madly Ever After (I Hate Fairyland (Compilations) #1-5)",£29.17,2/5
I am a Hero Omnibus Volume 1,£54.63,3/5
How to Be Miserable: 40 Strategies You Already Use,£46.03,1/5
Her Backup Boyfriend (The Sorensen Family #1),£33.97,1/5
"Giant Days, Vol. 2 (Giant Days #5-8)",£22.11,2/5
Forever and Forever: The Courtship of Henry Longfellow and Fanny Appleton,£29.69,3/5
First and First (Five Boroughs #3),£15.97,4/5
Fifty Shades Darker (Fifty Shades #2),£21.96,1/5
Everydata: The Misinformation Hidden in the Little Data You Consume Every Day,£54.35,2/5
"Don't Be a Jerk: And Other Practical Advice from Dogen, Japan's Greatest Zen Master",£37.97,2/5
Danganronpa Volume 1,£51.99,4/5
Crown of Midnight (Throne of Glass #2),£43.29,3/5
"Codename Baboushka, Volume 1: The Conclave of Death",£36.72,4/5
Camp Midnight,£17.08,4/5
Call the Nurse: True Stories of a Country Nurse on a Scottish Isle,£29.14,5/5
Burning,£28.81,3/5
Bossypants,£49.46,2/5
"Bitch Planet, Vol. 1: Extraordinary Machine (Bitch Planet (Collected Editions))",£37.92,2/5
"Avatar: The Last Airbender: Smoke and Shadow, Part 3 (Smoke and Shadow #3)",£28.09,2/5
Algorithms to Live By: The Computer Science of Human Decisions,£30.81,1/5
A World of Flavor: Your Gluten Free Passport,£42.95,1/5
"A Piece of Sky, a Grain of Rice: A Memoir in Four Meditations",£56.76,5/5
A Murder in Time,£16.64,1/5
A Flight of Arrows (The Pathfinders #2),£55.53,5/5
A Fierce and Subtle Poison,£28.13,4/5
A Court of Thorns and Roses (A Court of Thorns and Roses #1),£52.37,1/5
(Un)Qualified: How God Uses Broken People to Do Big Things,£54.00,5/5
You Are What You Love: The Spiritual Power of Habit,£21.87,4/5
"William Shakespeare's Star Wars: Verily, A New Hope (William Shakespeare's Star Wars #4)",£43.30,4/5
Tuesday Nights in 1980,£21.04,2/5
Tracing Numbers on a Train,£41.60,3/5
Throne of Glass (Throne of Glass #1),£35.07,3/5
Thomas Jefferson and the Tripoli Pirates: The Forgotten War That Changed American History,£59.64,1/5
Thirteen Reasons Why,£52.72,1/5
The White Cat and the Monk: A Retelling of the Poem “Pangur Bán”,£58.08,4/5
The Wedding Dress,£24.12,1/5
The Vacationers,£42.15,4/5
The Third Wave: An Entrepreneur’s Vision of the Future,£12.61,5/5
The Stranger,£17.44,4/5
The Shadow Hero (The Shadow Hero),£33.14,1/5
The Secret (The Secret #1),£27.37,4/5
The Regional Office Is Under Attack!,£51.36,5/5
The Psychopath Test: A Journey Through the Madness Industry,£36.00,2/5
The Project,£10.65,1/5
The Power of Now: A Guide to Spiritual Enlightenment,£43.54,2/5
The Omnivore's Dilemma: A Natural History of Four Meals,£38.21,2/5
The Nerdy Nummies Cookbook: Sweet Treats for the Geek in All of Us,£37.34,5/5
The Murder of Roger Ackroyd (Hercule Poirot #4),£44.10,4/5
The Mistake (Off-Campus #2),£43.29,3/5
The Matchmaker's Playbook (Wingmen Inc. #1),£55.85,1/5
The Love and Lemons Cookbook: An Apple-to-Zucchini Celebration of Impromptu Cooking,£37.60,2/5
The Long Shadow of Small Ghosts: Murder and Memory in an American City,£10.97,1/5
The Kite Runner,£41.82,4/5
The House by the Lake,£36.95,1/5
The Glittering Court (The Glittering Court #1),£44.28,1/5
The Girl on the Train,£55.02,2/5
The Genius of Birds,£17.24,1/5
The Emerald Mystery,£23.15,2/5
The Cookies & Cups Cookbook: 125+ sweet & savory recipes reminding you to Always Eat Dessert First,£41.25,1/5
The Bridge to Consciousness: I'm Writing the Bridge Between Science and Our Old and New Beliefs.,£32.00,3/5
The Artist's Way: A Spiritual Path to Higher Creativity,£38.49,5/5
The Art of War,£33.34,5/5
The Argonauts,£10.93,2/5
The 10% Entrepreneur: Live Your Startup Dream Without Quitting Your Day Job,£27.55,3/5
Suddenly in Love (Lake Haven #1),£55.99,2/5
Something More Than This,£16.24,4/5
Soft Apocalypse,£26.12,2/5
So You've Been Publicly Shamed,£12.23,2/5
Shoe Dog: A Memoir by the Creator of NIKE,£23.99,2/5
"Shobu Samurai, Project Aryoku (#3)",£29.06,3/5
Secrets and Lace (Fatal Hearts #1),£20.27,1/5
Scarlett Epstein Hates It Here,£43.55,5/5
Romero and Juliet: A Tragic Tale of Love and Zombies,£36.94,1/5
Redeeming Love,£20.47,5/5
Poses for Artists Volume 1 - Dynamic and Sitting Poses: An Essential Reference for Figure Drawing and the Human Form,£41.06,1/5
Poems That Make Grown Women Cry,£14.19,4/5
"Nightingale, Sing",£38.28,1/5
Night Sky with Exit Wounds,£41.05,1/5
Mrs. Houdini,£30.25,5/5
Modern Romance,£28.26,5/5
Miss Peregrine’s Home for Peculiar Children (Miss Peregrine’s Peculiar Children #1),£10.76,1/5
Louisa: The Extraordinary Life of Mrs. Adams,£16.85,2/5
Little Red,£13.47,3/5
Library of Souls (Miss Peregrine’s Peculiar Children #3),£48.56,5/5
Large Print Heart of the Pride,£19.15,2/5
I Had a Nice Time And Other Lies...: How to find love & sh*t like that,£57.36,4/5
Hollow City (Miss Peregrine’s Peculiar Children #2),£42.98,1/5
Grumbles,£22.16,2/5
Full Moon over Noah’s Ark: An Odyssey to Mount Ararat and Beyond,£49.43,4/5
Frostbite (Vampire Academy #2),£29.99,5/5
Follow You Home,£21.36,1/5
First Steps for New Christians (Print Edition),£29.00,1/5
Finders Keepers (Bill Hodges Trilogy #2),£53.53,5/5
"Fables, Vol. 1: Legends in Exile (Fables #1)",£41.62,4/5
Eureka Trivia 6.0,£54.59,4/5
Drive: The Surprising Truth About What Motivates Us,£34.95,4/5
Done Rubbed Out (Reightman & Bailey #1),£37.72,5/5
Doing It Over (Most Likely To #1),£35.61,3/5
"Deliciously Ella Every Day: Quick and Easy Recipes for Gluten-Free Snacks, Packed Lunches, and Simple Meals",£42.16,3/5
Dark Notes,£19.19,5/5
"Daring Greatly: How the Courage to Be Vulnerable Transforms the Way We Live, Love, Parent, and Lead",£19.43,3/5
Close to You,£49.46,4/5
Chasing Heaven: What Dying Taught Me About Living,£37.80,2/5
Big Magic: Creative Living Beyond Fear,£30.80,3/5
Becoming Wise: An Inquiry into the Mystery and Art of Living,£27.43,2/5
Beauty Restored (Riley Family Legacy Novellas #3),£11.11,2/5
Batman: The Long Halloween (Batman),£36.50,2/5
Batman: The Dark Knight Returns (Batman),£15.38,5/5
Ayumi's Violin,£15.48,2/5
Anonymous,£46.82,4/5
Amy Meets the Saints and Sages,£18.46,3/5
Amid the Chaos,£36.58,1/5
Amatus,£50.54,5/5
Agnostic: A Spirited Manifesto,£12.51,5/5
Zealot: The Life and Times of Jesus of Nazareth,£24.70,3/5
You (You #1),£43.61,5/5
"Wonder Woman: Earth One, Volume One (Wonder Woman: Earth One #1)",£37.34,4/5
Wild Swans,£14.36,2/5
Why the Right Went Wrong: Conservatism--From Goldwater to the Tea Party and Beyond,£52.65,4/5
Whole Lotta Creativity Going On: 60 Fun and Unusual Exercises to Awaken and Strengthen Your Creativity,£38.20,4/5
What's It Like in Space?: Stories from Astronauts Who've Been There,£19.60,2/5
"We Are Robin, Vol. 1: The Vigilante Business (We Are Robin #1)",£53.90,1/5
Walt Disney's Alice in Wonderland,£12.96,5/5
V for Vendetta (V for Vendetta Complete),£37.10,4/5
Until Friday Night (The Field Party #1),£46.31,2/5
"Unbroken: A World War II Story of Survival, Resilience, and Redemption",£45.95,2/5
Twenty Yawns,£22.08,2/5
Through the Woods,£25.38,2/5
This Is Where It Ends,£27.12,2/5
The Year of Magical Thinking,£43.04,2/5
The Wright Brothers,£56.80,4/5
The White Queen (The Cousins' War #1),£25.91,5/5
The Wedding Pact (The O'Malleys #2),£32.61,3/5
The Time Keeper,£27.88,5/5
The Testament of Mary,£52.67,4/5
The Star-Touched Queen,£46.02,5/5
The Songs of the Gods,£44.48,5/5
The Song of Achilles,£37.40,5/5
The Rosie Project (Don Tillman #1),£54.04,1/5
The Power of Habit: Why We Do What We Do in Life and Business,£16.88,3/5
The Marriage of Opposites,£28.08,4/5
The Lucifer Effect: Understanding How Good People Turn Evil,£10.40,1/5
The Long Haul (Diary of a Wimpy Kid #9),£44.07,1/5
The Loney,£23.40,1/5
The Literature Book (Big Ideas Simply Explained),£17.43,3/5
The Last Mile (Amos Decker #2),£54.21,2/5
The Immortal Life of Henrietta Lacks,£40.67,2/5
The Hidden Oracle (The Trials of Apollo #1),£52.26,2/5
The Help Yourself Cookbook for Kids: 60 Easy Plant-Based Recipes Kids Can Make to Stay Healthy and Save the Earth,£28.77,3/5
The Guilty (Will Robie #4),£13.82,2/5
The First Hostage (J.B. Collins #2),£25.85,3/5
The Dovekeepers,£48.78,1/5
The Darkest Lie,£35.35,5/5
The Bane Chronicles (The Bane Chronicles #1-11),£44.73,4/5
The Bad-Ass Librarians of Timbuktu: And Their Race to Save the World’s Most Precious Manuscripts,£15.77,1/5
The 14th Colony (Cotton Malone #11),£39.24,1/5
That Darkness (Gardiner and Renner #1),£13.92,1/5
Tastes Like Fear (DI Marnie Rome #3),£10.69,1/5
Take Me with You,£45.21,3/5
Swell: A Year of Waves,£45.58,1/5
Superman Vol. 1: Before Truth (Superman by Gene Luen Yang #1),£11.89,5/5
Still Life with Bread Crumbs,£26.41,3/5
Steve Jobs,£39.50,5/5
Sorting the Beef from the Bull: The Science of Food Fraud Forensics,£44.74,4/5
Someone Like You (The Harrisons #2),£52.79,5/5
"So Cute It Hurts!!, Vol. 6 (So Cute It Hurts!! #6)",£35.43,4/5
Shtum,£55.84,4/5
See America: A Celebration of Our National Parks & Treasured Sites,£48.87,3/5
salt.,£46.78,4/5
Robin War,£47.82,3/5
"Red Hood/Arsenal, Vol. 1: Open for Business (Red Hood/Arsenal #1)",£25.48,2/5
Rain Fish,£23.57,3/5
"Quarter Life Poetry: Poems for the Young, Broke and Hangry",£50.89,5/5
Pet Sematary,£10.56,3/5
"Overload: How to Unplug, Unwind, and Unleash Yourself from the Pressure of Stress",£52.15,3/5
Once Was a Time,£18.28,2/5
Old School (Diary of a Wimpy Kid #10),£11.83,5/5
No Dream Is Too High: Life Lessons From a Man Who Walked on the Moon,£21.95,2/5
"Naruto (3-in-1 Edition), Vol. 14: Includes Vols. 40, 41 & 42 (Naruto: Omnibus #14)",£38.39,2/5
My Name Is Lucy Barton,£41.56,1/5
My Mrs. Brown,£24.48,3/5
My Kind of Crazy,£40.36,1/5
Mr. Mercedes (Bill Hodges Trilogy #1),£28.90,1/5
More Than Music (Chasing the Dream #1),£37.61,2/5
Made to Stick: Why Some Ideas Survive and Others Die,£38.85,5/5
Luis Paints the World,£53.95,3/5
Luckiest Girl Alive,£49.83,3/5
Lowriders to the Center of the Earth (Lowriders in Space #2),£51.51,2/5
Love Is a Mix Tape (Music #1),£18.03,1/5
Looking for Lovely: Collecting the Moments that Matter,£29.14,5/5
"Living Leadership by Insight: A Good Leader Achieves, a Great Leader Builds Monuments",£46.91,4/5
Let It Out: A Journey Through Journaling,£26.79,5/5
Lady Midnight (The Dark Artifices #1),£16.28,5/5
"It's All Easy: Healthy, Delicious Weeknight Meals in under 30 Minutes",£19.55,1/5
Island of Dragons (Unwanteds #7),£29.65,1/5
I Know What I'm Doing -- and Other Lies I Tell Myself: Dispatches from a Life Under Construction,£25.98,4/5
I Am Pilgrim (Pilgrim #1),£10.60,4/5
"Hyperbole and a Half: Unfortunate Situations, Flawed Coping Mechanisms, Mayhem, and Other Things That Happened",£14.75,5/5
"Hush, Hush (Hush, Hush #1)",£47.02,3/5
Hold Your Breath (Search and Rescue #1),£28.82,1/5
Hamilton: The Revolution,£58.79,3/5
Greek Mythic History,£10.23,5/5
God: The Most Unpleasant Character in All Fiction,£30.03,5/5
Glory over Everything: Beyond The Kitchen House,£45.84,3/5
Feathers: Displays of Brilliant Plumage,£49.05,3/5
"Far & Away: Places on the Brink of Change: Seven Continents, Twenty-Five Years",£15.06,4/5
Every Last Word,£46.47,3/5
Eligible (The Austen Project #4),£27.09,3/5
El Deafo,£57.62,5/5
Eight Hundred Grapes,£14.39,4/5
"Eaternity: More than 150 Deliciously Easy Vegan Recipes for a Long, Healthy, Satisfied, Joyful Life",£51.75,5/5
"Eat Fat, Get Thin",£54.07,2/5
Don't Get Caught,£55.35,1/5
Doctor Sleep (The Shining #2),£40.12,2/5
Demigods & Magicians: Percy and Annabeth Meet the Kanes (Percy Jackson & Kane Chronicles Crossover #1-3),£37.51,5/5
Dear Mr. Knightley,£11.21,5/5
Daily Fantasy Sports,£36.58,1/5
Crazy Love: Overwhelmed by a Relentless God,£47.72,2/5
Cometh the Hour (The Clifton Chronicles #6),£25.01,3/5
Code Name Verity (Code Name Verity #1),£22.13,4/5
Clockwork Angel (The Infernal Devices #1),£44.14,1/5
City of Glass (The Mortal Instruments #3),£56.02,4/5
City of Fallen Angels (The Mortal Instruments #4),£11.23,4/5
City of Bones (The Mortal Instruments #1),£43.28,1/5
City of Ashes (The Mortal Instruments #2),£47.27,1/5
Cell,£20.29,4/5
Catching Jordan (Hundred Oaks),£50.83,3/5
"Carry On, Warrior: Thoughts on Life Unarmed",£31.85,3/5
Carrie,£46.23,2/5
Buying In: The Secret Dialogue Between What We Buy and Who We Are,£37.80,4/5
Brain on Fire: My Month of Madness,£49.32,5/5
Batman: Europa,£32.01,2/5
Barefoot Contessa Back to Basics,£28.01,1/5
Barefoot Contessa at Home: Everyday Recipes You'll Make Over and Over Again,£50.62,5/5
Balloon Animals,£17.03,3/5
Art Ops Vol. 1,£48.80,3/5
Aristotle and Dante Discover the Secrets of the Universe (Aristotle and Dante Discover the Secrets of the Universe #1),£58.14,4/5
Angels Walking (Angels Walking #1),£34.20,2/5
Angels & Demons (Robert Langdon #1),£51.48,3/5
All the Light We Cannot See,£29.87,5/5
"Adulthood Is a Myth: A ""Sarah's Scribbles"" Collection",£10.90,2/5
Abstract City,£56.37,5/5
A Time of Torment (Charlie Parker #14),£48.35,5/5
A Study in Scarlet (Sherlock Holmes #1),£16.73,2/5
"A Series of Catastrophes and Miracles: A True Story of Love, Science, and Cancer",£56.48,2/5
A People's History of the United States,£40.79,2/5
A Man Called Ove,£39.72,1/5
A Distant Mirror: The Calamitous 14th Century,£14.58,3/5
A Brush of Wings (Angels Walking #3),£55.51,1/5
1491: New Revelations of the Americas Before Columbus,£21.80,3/5
"The Three Searches, Meaning, and the Story",£13.33,3/5
Searching for Meaning in Gailana,£38.73,1/5
Rook,£37.86,4/5
My Kitchen Year: 136 Recipes That Saved My Life,£11.53,2/5
13 Hours: The Inside Account of What Really Happened In Benghazi,£27.06,1/5
Will You Won't You Want Me?,£13.86,3/5
Tipping Point for Planet Earth: How Close Are We to the Edge?,£37.55,1/5
The Star-Touched Queen,£32.30,5/5
The Silent Sister (Riley MacPherson #1),£46.29,5/5
The Midnight Watch: A Novel of the Titanic and the Californian,£26.20,1/5
The Lonely City: Adventures in the Art of Being Alone,£33.26,2/5
The Gray Rhino: How to Recognize and Act on the Obvious Dangers We Ignore,£59.15,4/5
The Golden Condom: And Other Essays on Love Lost and Found,£39.43,1/5
The Epidemic (The Program 0.6),£14.44,5/5
The Dinner Party,£56.54,2/5
The Diary of a Young Girl,£59.90,3/5
The Children,£11.88,3/5
Stars Above (The Lunar Chronicles #4.5),£48.05,2/5
Snatched: How A Drug Queen Went Undercover for the DEA and Was Kidnapped By Colombian Guerillas,£21.21,3/5
Raspberry Pi Electronics Projects for the Evil Genius,£49.67,4/5
Quench Your Own Thirst: Business Lessons Learned Over a Beer or Two,£43.14,1/5
Psycho: Sanitarium (Psycho #1.5),£36.97,5/5
Poisonous (Max Revere Novels #3),£26.80,3/5
One with You (Crossfire #5),£15.71,4/5
No Love Allowed (Dodge Cove #1),£54.65,4/5
Murder at the 42nd Street Library (Raymond Ambler #1),£54.36,4/5
Most Wanted,£35.28,3/5
"Love, Lies and Spies",£20.55,2/5
How to Speak Golf: An Illustrated Guide to Links Lingo,£58.32,5/5
Hide Away (Eve Duncan #20),£11.84,1/5
Furiously Happy: A Funny Book About Horrible Things,£41.46,4/5
Everyday Italian: 125 Simple and Delicious Recipes,£20.10,5/5
Equal Is Unfair: America's Misguided Fight Against Income Inequality,£56.86,1/5
Eleanor & Park,£56.51,5/5
Dirty (Dive Bar #1),£40.83,4/5
Can You Keep a Secret? (Fear Street Relaunch #4),£48.64,1/5
Boar Island (Anna Pigeon #19),£59.48,3/5
A Paris Apartment,£39.01,4/5
"A la Mode: 120 Recipes in 60 Pairings: Pies, Tarts, Cakes, Crisps, and More Topped with Ice Cream, Gelato, Frozen Custard, and More",£38.77,1/5
Troublemaker: Surviving Hollywood and Scientology,£48.39,2/5
The Widow,£27.26,2/5
"The Sleep Revolution: Transforming Your Life, One Night at a Time",£11.68,4/5
The Improbability of Love,£59.45,1/5
The Art of Startup Fundraising,£21.00,3/5
Take Me Home Tonight (Rock Star Romance #3),£53.98,3/5
Sleeping Giants (Themis Files #1),£48.74,1/5
"Setting the World on Fire: The Brief, Astonishing Life of St. Catherine of Siena",£21.15,2/5
Playing with Fire,£13.71,3/5
Off the Hook (Fishing for Trouble #1),£47.67,3/5
Mothering Sunday,£13.34,2/5
"Mother, Can You Not?",£16.89,5/5
M Train,£27.18,1/5
Lilac Girls,£17.28,2/5
Lies and Other Acts of Love,£45.14,1/5
Lab Girl,£40.85,1/5
Keep Me Posted,£20.46,4/5
It Didn't Start with You: How Inherited Family Trauma Shapes Who We Are and How to End the Cycle,£56.27,3/5
Grey (Fifty Shades #4),£48.49,4/5
"Exit, Pursued by a Bear",£51.34,4/5
Daredevils,£16.34,3/5
Cravings: Recipes for What You Want to Eat,£20.50,3/5
Born for This: How to Find the Work You Were Meant to Do,£21.59,5/5
Arena,£21.36,4/5
Adultery,£20.88,5/5
A Mother's Reckoning: Living in the Aftermath of Tragedy,£19.53,3/5
A Gentleman's Position (Society of Gentlemen #3),£14.75,5/5
11/22/63,£48.48,3/5
"10% Happier: How I Tamed the Voice in My Head, Reduced Stress Without Losing My Edge, and Found Self-Help That Actually Works",£24.57,2/5
10-Day Green Smoothie Cleanse: Lose Up to 15 Pounds in 10 Days!,£49.71,5/5
Without Shame,£48.27,5/5
Watchmen,£58.05,4/5
Unlimited Intuition Now,£58.87,4/5
Underlying Notes,£11.82,2/5
The Shack,£28.03,1/5
The New Brand You: Your New Image Makes the Sale for You,£44.05,5/5
"The Moosewood Cookbook: Recipes from Moosewood Restaurant, Ithaca, New York",£12.34,4/5
The Flowers Lied,£16.68,2/5
"The Fabric of the Cosmos: Space, Time, and the Texture of Reality",£55.91,1/5
The Book of Mormon,£24.57,3/5
The Art and Science of Low Carbohydrate Living,£52.98,5/5
The Alien Club,£54.40,1/5
Suzie Snowflake: One beautiful flake (a self-esteem story),£54.81,5/5
Nap-a-Roo,£25.08,1/5
"NaNo What Now? Finding your editing process, revising your NaNoWriMo book and building a writing career through publishing and beyond",£10.41,4/5
Modern Day Fables,£47.44,2/5
If I Gave You God's Phone Number....: Searching for Spirituality in America,£20.91,1/5
"Fruits Basket, Vol. 9 (Fruits Basket #9)",£33.95,4/5
Dress Your Family in Corduroy and Denim,£43.68,3/5
Don't Forget Steven,£33.23,1/5
Chernobyl 01:23:40: The Incredible True Story of the World's Worst Nuclear Disaster,£35.92,2/5
Art and Fear: Observations on the Perils (and Rewards) of Artmaking,£48.63,4/5
A Shard of Ice (The Black Symphony Saga #1),£56.63,3/5
A Hero's Curse (The Unseen Chronicles #1),£50.49,3/5
23 Degrees South: A Tropical Tale of Changing Whether...,£35.79,2/5
"Zero to One: Notes on Startups, or How to Build the Future",£34.06,3/5
Why Not Me?,£17.76,1/5
When Breath Becomes Air,£39.36,2/5
Vagabonding: An Uncommon Guide to the Art of Long-Term World Travel,£36.94,2/5
The Unlikely Pilgrimage of Harold Fry (Harold Fry #1),£43.62,5/5
The New Drawing on the Right Side of the Brain,£43.02,3/5
"The Midnight Assassin: Panic, Scandal, and the Hunt for America's First Serial Killer",£28.45,4/5
The Martian (The Martian #1),£41.39,2/5
The High Mountains of Portugal,£51.15,1/5
The Grownup,£35.88,1/5
The E-Myth Revisited: Why Most Small Businesses Don't Work and What to Do About It,£36.91,1/5
South of Sunshine,£28.93,1/5
Smarter Faster Better: The Secrets of Being Productive in Life and Business,£38.89,5/5
Silence in the Dark (Logan Point #4),£58.33,3/5
Shadows of the Past (Logan Point #1),£39.67,5/5
Roller Girl,£14.10,5/5
Rising Strong,£21.82,3/5
Proofs of God: Classical Arguments from Tertullian to Barth,£54.21,1/5
Please Kill Me: The Uncensored Oral History of Punk,£31.19,4/5
Out of Print: City Lights Spotlight No. 14,£53.64,5/5
My Life Next Door (My Life Next Door ),£36.39,5/5
Miller's Valley,£58.54,2/5
Man's Search for Meaning,£29.48,3/5
"Love That Boy: What Two Presidents, Eight Road Trips, and My Son Taught Me About a Parent's Expectations",£25.06,2/5
Living Forward: A Proven Plan to Stop Drifting and Get the Life You Want,£12.55,3/5
Les Fleurs du Mal,£29.04,5/5
Left Behind (Left Behind #1),£40.72,2/5
Kill 'Em and Leave: Searching for James Brown and the American Soul,£45.05,5/5
Kierkegaard: A Christian Missionary to Christians,£47.13,1/5
John Vassos: Industrial Design for Modern Life,£20.22,4/5
I'll Give You the Sun,£56.48,1/5
I Will Find You,£44.21,1/5
Hystopia: A Novel,£21.96,4/5
Howl and Other Poems,£40.45,2/5
History of Beauty,£10.29,4/5
Heaven is for Real: A Little Boy's Astounding Story of His Trip to Heaven and Back,£52.86,2/5
Future Shock (Future Shock #1),£55.65,5/5
Ender's Game (The Ender Quintet #1),£43.64,1/5
Diary of a Citizen Scientist: Chasing Tiger Beetles and Other New Ways of Engaging the World,£28.41,1/5
Death by Leisure: A Cautionary Tale,£37.51,4/5
Brilliant Beacons: A History of the American Lighthouse,£11.45,3/5
Brazen: The Courage to Find the You That's Been Hiding,£19.22,2/5
Between the World and Me,£56.91,4/5
Being Mortal: Medicine and What Matters in the End,£55.06,4/5
"A Murder Over a Girl: Justice, Gender, Junior High",£13.20,3/5
32 Yolks,£53.63,2/5
"""Most Blessed of the Patriarchs"": Thomas Jefferson and the Empire of the Imagination",£44.48,5/5
You Are a Badass: How to Stop Doubting Your Greatness and Start Living an Awesome Life,£12.08,3/5
Wildlife of New York: A Five-Borough Coloring Book,£22.14,2/5
What Happened on Beale Street (Secrets of the South Mysteries #2),£25.37,5/5
Unreasonable Hope: Finding Faith in the God Who Brings Purpose to Your Pain,£46.33,2/5
Under the Tuscan Sun,£37.33,3/5
Toddlers Are A**holes: It's Not Your Fault,£25.55,1/5
The Year of Living Biblically: One Man's Humble Quest to Follow the Bible as Literally as Possible,£34.72,1/5
The Whale,£35.96,4/5
The Story of Art,£41.14,4/5
The Origin of Species,£10.01,4/5
The Great Gatsby,£36.05,4/5
The Good Girl,£49.03,3/5
The Glass Castle,£16.24,1/5
The Faith of Christopher Hitchens: The Restless Soul of the World's Most Notorious Atheist,£39.55,1/5
The Drowning Girls,£35.67,3/5
The Constant Princess (The Tudor Court #1),£16.62,3/5
The Bourne Identity (Jason Bourne #1),£42.78,4/5
The Bachelor Girl's Guide to Murder (Herringford and Watts Mysteries #1),£52.30,5/5
The Art Book,£32.34,2/5
The 7 Habits of Highly Effective People: Powerful Lessons in Personal Change,£33.17,4/5
Team of Rivals: The Political Genius of Abraham Lincoln,£20.12,5/5
Steal Like an Artist: 10 Things Nobody Told You About Being Creative,£20.90,2/5
"Sit, Stay, Love",£20.90,3/5
Sister Dear,£40.20,4/5
"Shrunken Treasures: Literary Classics, Short, Sweet, and Silly",£52.87,3/5
"Rich Dad, Poor Dad",£51.74,1/5
Raymie Nightingale,£34.41,2/5
Playing from the Heart,£32.38,1/5
Nightstruck: A Novel,£50.35,4/5
"Naturally Lean: 125 Nourishing Gluten-Free, Plant-Based Recipes--All Under 300 Calories",£11.38,5/5
Meternity,£43.58,3/5
Memoirs of a Geisha,£49.67,3/5
Like Never Before (Walker Family #2),£28.77,2/5
Life of Pi,£13.22,4/5
Leave This Song Behind: Teen Poetry at Its Best,£51.17,5/5
King's Folly (The Kinsman Chronicles #1),£39.61,5/5
John Adams,£57.43,4/5
How to Cook Everything Vegetarian: Simple Meatless Recipes for Great Food (How to Cook Everything),£46.01,4/5
How to Be a Domestic Goddess: Baking and the Art of Comfort Cooking,£28.25,2/5
Good in Bed (Cannie Shapiro #1),£37.05,5/5
"Fruits Basket, Vol. 7 (Fruits Basket #7)",£19.57,1/5
For the Love: Fighting for Grace in a World of Impossible Standards,£45.13,3/5
Finding God in the Ruins: How God Redeems Pain,£46.64,2/5
Every Heart a Doorway (Every Heart A Doorway #1),£12.16,5/5
Delivering the Truth (Quaker Midwife Mystery #1),£20.89,4/5
Counted With the Stars (Out from Egypt #1),£17.97,5/5
"Chronicles, Vol. 1",£52.60,2/5
Blue Like Jazz: Nonreligious Thoughts on Christian Spirituality,£25.77,1/5
Benjamin Franklin: An American Life,£48.19,3/5
"At The Existentialist Café: Freedom, Being, and apricot cocktails with: Jean-Paul Sartre, Simone de Beauvoir, Albert Camus, Martin Heidegger, Edmund Husserl, Karl Jaspers, Maurice Merleau-Ponty and others",£29.93,5/5
A Summer In Europe,£44.34,2/5
A Short History of Nearly Everything,£52.40,5/5
A Gathering of Shadows (Shades of Magic #2),£44.81,4/5
The Sound Of Love,£57.84,5/5
The Rise and Fall of the Third Reich: A History of Nazi Germany,£39.67,2/5
The Perks of Being a Wallflower,£55.02,3/5
The Mysterious Affair at Styles (Hercule Poirot #1),£24.80,4/5
The Man Who Mistook His Wife for a Hat and Other Clinical Tales,£59.45,4/5
The Makings of a Fatherless Child,£31.58,2/5
The Joy of Cooking,£43.27,4/5
The Invention of Wings,£37.34,1/5
The Hobbit (Middle-Earth Universe),£17.80,5/5
The Great Railway Bazaar,£30.54,1/5
The Golden Compass (His Dark Materials #1),£18.77,1/5
The God Delusion,£46.85,3/5
The Girl You Left Behind (The Girl You Left Behind #1),£15.79,1/5
The Fellowship of the Ring (The Lord of the Rings #1),£10.27,2/5
The Collected Poems of W.B. Yeats (The Collected Works of W.B. Yeats #1),£15.42,5/5
The Barefoot Contessa Cookbook,£59.92,5/5
Tell the Wolves I'm Home,£50.96,2/5
Ship Leaves Harbor: Essays on Travel by a Recovering Journeyman,£30.60,3/5
Pride and Prejudice,£19.27,4/5
Musicophilia: Tales of Music and the Brain,£46.58,1/5
Mere Christianity,£48.51,3/5
Me Before You (Me Before You #1),£19.02,1/5
In the Woods (Dublin Murder Squad #1),£38.38,2/5
In Cold Blood,£49.98,4/5
How to Stop Worrying and Start Living,£46.49,5/5
Give It Back,£18.32,2/5
"Girl, Interrupted",£42.14,3/5
Fun Home: A Family Tragicomic,£56.59,4/5
"Fruits Basket, Vol. 6 (Fruits Basket #6)",£20.96,4/5
Deception Point,£40.32,4/5
"Death Note, Vol. 6: Give-and-Take (Death Note #6)",£36.39,3/5
Catherine the Great: Portrait of a Woman,£58.55,4/5
Better Homes and Gardens New Cook Book,£39.61,3/5
An Unquiet Mind: A Memoir of Moods and Madness,£21.30,3/5
A Year in Provence (Provence #1),£56.88,4/5
World Without End (The Pillars of the Earth #2),£32.97,4/5
"Will Grayson, Will Grayson (Will Grayson, Will Grayson)",£47.31,4/5
Why Save the Bankers?: And Other Essays on Our Economic and Political Crisis,£48.67,2/5
Where She Went (If I Stay #2),£41.73,4/5
What If?: Serious Scientific Answers to Absurd Hypothetical Questions,£53.68,4/5
Two Summers,£14.64,1/5
This Is Your Brain on Music: The Science of a Human Obsession,£38.40,1/5
The Secret Garden,£15.08,4/5
The Raven King (The Raven Cycle #4),£30.57,2/5
The Raven Boys (The Raven Cycle #1),£57.74,4/5
The Power Greens Cookbook: 140 Delicious Superfood Recipes,£11.05,5/5
The Metamorphosis,£28.58,1/5
The Mathews Men: Seven Brothers and the War Against Hitler's U-boats,£42.91,5/5
The Little Paris Bookshop,£24.73,3/5
The Hiding Place,£55.91,4/5
The Grand Design,£13.76,3/5
The Firm,£45.56,3/5
The Fault in Our Stars,£47.22,1/5
The False Prince (The Ascendance Trilogy #1),£56.00,5/5
The Expatriates,£44.58,2/5
The Dream Thieves (The Raven Cycle #2),£34.50,1/5
The Darkest Corners,£11.33,5/5
The Crossover,£38.77,4/5
The 5th Wave (The 5th Wave #1),£11.83,2/5
Tell the Wind and Fire,£45.51,3/5
Tell Me Three Things,£41.81,1/5
Talking to Girls About Duran Duran: One Young Man's Quest for True Love and a Cooler Haircut,£25.15,4/5
Siddhartha,£34.22,5/5
Shiver (The Wolves of Mercy Falls #1),£16.23,5/5
Remember Me?,£11.48,3/5
Red Dragon (Hannibal Lecter #1),£23.37,3/5
Peak: Secrets from the New Science of Expertise,£16.28,2/5
My Mother Was Nuts,£31.63,4/5
Mexican Today: New and Rediscovered Recipes for Contemporary Kitchens,£24.91,5/5
Maybe Something Beautiful: How Art Transformed a Neighborhood,£22.54,1/5
Lola and the Boy Next Door (Anna and the French Kiss #2),£23.63,4/5
Logan Kade (Fallen Crest High #5.5),£13.12,2/5
Last One Home (New Beginnings #1),£59.98,3/5
Killing Floor (Jack Reacher #1),£31.49,4/5
Kill the Boy Band,£15.52,5/5
Isla and the Happily Ever After (Anna and the French Kiss #3),£48.13,5/5
If I Stay (If I Stay #1),£38.13,5/5
I Know Why the Caged Bird Sings (Maya Angelou's Autobiography #1),£36.55,2/5
Harry Potter and the Deathly Hallows (Harry Potter #7),£23.32,1/5
"Fruits Basket, Vol. 5 (Fruits Basket #5)",£16.33,1/5
Foundation (Foundation (Publication Order) #1),£32.42,1/5
Fool Me Once,£16.96,1/5
Find Her (Detective D.D. Warren #8),£22.37,1/5
Evicted: Poverty and Profit in the American City,£42.27,1/5
Drama,£38.70,2/5
Dracula the Un-Dead,£35.63,5/5
Digital Fortress,£58.00,5/5
"Death Note, Vol. 5: Whiteout (Death Note #5)",£52.41,1/5
"Data, A Love Story: How I Gamed Online Dating to Meet My Match",£32.35,3/5
Critique of Pure Reason,£20.75,1/5
Booked,£17.49,5/5
"Blue Lily, Lily Blue (The Raven Cycle #3)",£34.13,5/5
Approval Junkie: Adventures in Caring Too Much,£58.81,5/5
An Abundance of Katherines,£10.00,5/5
America's War for the Greater Middle East: A Military History,£51.22,2/5
Alight (The Generations Trilogy #2),£58.59,4/5
A Girl's Guide to Moving On (New Beginnings #2),£31.30,1/5
A Game of Thrones (A Song of Ice and Fire #1),£46.42,2/5
A Feast for Crows (A Song of Ice and Fire #4),£17.21,4/5
A Clash of Kings (A Song of Ice and Fire #2),£10.79,3/5
Vogue Colors A to Z: A Fashion Coloring Book,£52.35,4/5
The Shining (The Shining #1),£27.88,3/5
The Pilgrim's Progress,£50.26,2/5
The Perfect Play (Play by Play #1),£59.99,3/5
The Passion of Dolssa,£28.32,5/5
The Jazz of Physics: The Secret Link Between Music and the Structure of the Universe,£38.71,3/5
The Hunger Games (The Hunger Games #1),£29.85,5/5
The Hound of the Baskervilles (Sherlock Holmes #5),£14.82,2/5
The Gunning of America: Business and the Making of American Gun Culture,£16.81,4/5
The Geography of Bliss: One Grump's Search for the Happiest Places in the World,£28.23,2/5
The Demonists (Demonist #1),£52.11,2/5
"The Demon Prince of Momochi House, Vol. 4 (The Demon Prince of Momochi House #4)",£27.88,2/5
The Bone Hunters (Lexy Vaughan & Steven Macaulay #2),£59.71,3/5
The Beast (Black Dagger Brotherhood #14),£46.08,5/5
Some Women,£13.73,5/5
Shopaholic Ties the Knot (Shopaholic #3),£48.39,5/5
Paper and Fire (The Great Library #2),£49.45,5/5
Outlander (Outlander #1),£19.67,5/5
"Orchestra of Exiles: The Story of Bronislaw Huberman, the Israel Philharmonic, and the One Thousand Jews He Saved from Nazi Horrors",£12.36,3/5
No One Here Gets Out Alive,£20.02,5/5
Night Shift (Night Shift #1-20),£12.75,4/5
Needful Things,£47.51,4/5
Mockingjay (The Hunger Games #3),£20.44,4/5
Misery,£34.79,2/5
Little Women (Little Women #1),£28.07,4/5
It,£25.01,3/5
Harry Potter and the Sorcerer's Stone (Harry Potter #1),£13.90,3/5
Harry Potter and the Prisoner of Azkaban (Harry Potter #3),£24.17,4/5
Harry Potter and the Order of the Phoenix (Harry Potter #5),£31.63,4/5
Harry Potter and the Half-Blood Prince (Harry Potter #6),£48.75,5/5
Harry Potter and the Chamber of Secrets (Harry Potter #2),£14.74,1/5
Gone with the Wind,£32.49,3/5
God Is Not Great: How Religion Poisons Everything,£27.80,1/5
Girl With a Pearl Earring,£26.77,1/5
"Fruits Basket, Vol. 4 (Fruits Basket #4)",£50.44,4/5
Far From True (Promise Falls Trilogy #2),£34.93,2/5
Dark Lover (Black Dagger Brotherhood #1),£12.87,1/5
Confessions of a Shopaholic (Shopaholic #1),£48.94,2/5
Changing the Game (Play by Play #2),£13.38,3/5
Candide,£58.63,3/5
Can You Keep a Secret?,£21.94,1/5
Atlas Shrugged,£26.58,5/5
Animal Farm,£57.22,3/5
A Walk to Remember,£56.43,1/5
A New Earth: Awakening to Your Life's Purpose,£55.65,5/5
"A History of God: The 4,000-Year Quest of Judaism, Christianity, and Islam",£27.62,1/5
'Salem's Lot,£49.56,4/5
Zero History (Blue Ant #3),£34.77,1/5
Wuthering Heights,£17.73,3/5
World War Z: An Oral History of the Zombie War,£21.80,1/5
Wild: From Lost to Found on the Pacific Crest Trail,£46.02,3/5
"Where'd You Go, Bernadette",£18.13,1/5
When You Are Engulfed in Flames,£30.89,5/5
We the People: The Modern-Day Figures Who Have Reshaped and Affirmed the Founding Fathers' Vision of America,£31.95,3/5
We Are All Completely Beside Ourselves,£24.04,1/5
Walk the Edge (Thunder Road #2),£32.36,3/5
Voyager (Outlander #3),£21.07,5/5
Very Good Lives: The Fringe Benefits of Failure and the Importance of Imagination,£50.66,3/5
Vegan Vegetarian Omnivore: Dinner for Everyone at the Table,£13.66,2/5
"Unstuffed: Decluttering Your Home, Mind, and Soul",£58.09,1/5
Under the Banner of Heaven: A Story of Violent Faith,£30.00,1/5
Two Boys Kissing,£32.74,2/5
Twilight (Twilight #1),£41.93,2/5
Twenties Girl,£42.80,2/5
"Trespassing Across America: One Man's Epic, Never-Done-Before (and Sort of Illegal) Hike Across the Heartland",£53.51,1/5
Three-Martini Lunch,£23.21,3/5
"Thinking, Fast and Slow",£21.14,1/5
The Wild Robot,£56.07,3/5
"The Wicked + The Divine, Vol. 3: Commercial Suicide (The Wicked + The Divine)",£14.41,3/5
The Undomestic Goddess,£45.75,4/5
The Travelers,£15.77,1/5
The Tipping Point: How Little Things Can Make a Big Difference,£10.02,2/5
The Thing About Jellyfish,£48.77,1/5
The Stand,£57.86,2/5
The Smitten Kitchen Cookbook,£23.59,1/5
The Silkworm (Cormoran Strike #2),£23.05,5/5
"The Sandman, Vol. 3: Dream Country (The Sandman (volumes) #3)",£55.55,5/5
The Rose & the Dagger (The Wrath and the Dawn #2),£58.64,4/5
The Road to Little Dribbling: Adventures of an American in Britain (Notes From a Small Island #2),£23.21,1/5
The Rise of Theodore Roosevelt (Theodore Roosevelt #1),£42.57,3/5
The Restaurant at the End of the Universe (Hitchhiker's Guide to the Galaxy #2),£10.92,1/5
The Rest Is Noise: Listening to the Twentieth Century,£34.77,1/5
The Red Tent,£35.66,5/5
The Purpose Driven Life: What on Earth Am I Here for?,£37.19,3/5
The Purest Hook (Second Circle Tattoos #3),£12.25,1/5
The Picture of Dorian Gray,£29.70,2/5
The Paris Wife,£36.80,3/5
The Obsession,£45.43,1/5
The Nightingale,£26.26,4/5
The New Guy (and Other Senior Year Distractions),£44.92,3/5
The Nanny Diaries (Nanny #1),£52.53,5/5
The Name of God is Mercy,£37.25,2/5
The Maze Runner (The Maze Runner #1),£20.93,1/5
The Lover's Dictionary,£58.09,2/5
The Lonely Ones,£43.59,5/5
The Lean Startup: How Today's Entrepreneurs Use Continuous Innovation to Create Radically Successful Businesses,£33.92,3/5
The Last Painting of Sara de Vos,£55.55,2/5
"The Land of 10,000 Madonnas",£29.64,4/5
The Infinities,£27.41,1/5
The Husband's Secret,£52.51,5/5
The Hitchhiker's Guide to the Galaxy (Hitchhiker's Guide to the Galaxy #1),£47.80,3/5
The Guns of August,£14.54,2/5
The Guernsey Literary and Potato Peel Pie Society,£49.53,1/5
The Goldfinch,£43.58,3/5
The Giver (The Giver Quartet #1),£12.30,1/5
The Girl with All the Gifts,£49.47,3/5
The Girl Who Played with Fire (Millennium Trilogy #2),£22.14,2/5
The Girl Who Kicked the Hornet's Nest (Millennium Trilogy #3),£57.48,1/5
The Exiled,£43.45,3/5
"The End of Faith: Religion, Terror, and the Future of Reason",£22.13,4/5
"The Elegant Universe: Superstrings, Hidden Dimensions, and the Quest for the Ultimate Theory",£13.03,4/5
"The Disappearing Spoon: And Other True Tales of Madness, Love, and the History of the World from the Periodic Table of the Elements",£57.35,5/5
The Devil Wears Prada (The Devil Wears Prada #1),£44.29,1/5
The Demon-Haunted World: Science as a Candle in the Dark,£52.25,4/5
The Day the Crayons Came Home (Crayons),£26.33,5/5
The Da Vinci Code (Robert Langdon #2),£22.96,2/5
The Cuckoo's Calling (Cormoran Strike #1),£19.21,1/5
The Complete Stories and Poems (The Works of Edgar Allan Poe [Cameo Edition]),£26.78,4/5
The Complete Poems,£41.32,5/5
The Catcher in the Rye,£24.55,1/5
The Cat in the Hat (Beginner Books B-1),£16.26,2/5
The Case for Christ (Cases for Christianity),£47.84,1/5
The Book Thief,£53.49,2/5
The Book of Basketball: The NBA According to The Sports Guy,£44.84,5/5
The Blind Side: Evolution of a Game,£53.71,5/5
The Autobiography of Malcolm X,£23.43,2/5
"The Art of Simple Food: Notes, Lessons, and Recipes from a Delicious Revolution",£34.32,3/5
The Art of Fielding,£22.10,1/5
"Surely You're Joking, Mr. Feynman!: Adventures of a Curious Character",£25.83,2/5
Stiff: The Curious Lives of Human Cadavers,£36.74,3/5
Spilled Milk: Based on a True Story,£49.51,1/5
Something Borrowed (Darcy & Rachel #1),£48.96,5/5
Something Blue (Darcy & Rachel #2),£54.62,1/5
Soldier (Talon #3),£24.72,2/5
Shopaholic & Baby (Shopaholic #5),£46.45,2/5
Seven Days in the Art World,£52.33,2/5
Seven Brief Lessons on Physics,£30.60,4/5
Scarlet (The Lunar Chronicles #2),£14.57,4/5
Sarah's Key,£46.29,1/5
"Saga, Volume 3 (Saga (Collected Editions) #3)",£21.57,5/5
Running with Scissors,£12.91,4/5
Rogue Lawyer (Rogue Lawyer #1),£50.11,3/5
"Rise of the Rocket Girls: The Women Who Propelled Us, from Missiles to the Moon to Mars",£41.67,4/5
Rework,£44.88,2/5
Reservations for Two,£11.10,3/5
Red: The True Story of Red Riding Hood,£28.54,3/5
Ready Player One,£19.07,4/5
Quiet: The Power of Introverts in a World That Can't Stop Talking,£43.55,1/5
Prodigy: The Graphic Novel (Legend: The Graphic Novel #2),£43.63,3/5
Persepolis: The Story of a Childhood (Persepolis #1-2),£39.13,1/5
Packing for Mars: The Curious Science of Life in the Void,£56.68,2/5
Outliers: The Story of Success,£14.16,1/5
Original Fake,£31.45,3/5
Orange Is the New Black,£24.61,2/5
One for the Money (Stephanie Plum #1),£32.87,2/5
Notes from a Small Island (Notes From a Small Island #1),£40.17,1/5
Night (The Night Trilogy #1),£13.51,1/5
Neither Here nor There: Travels in Europe,£38.95,3/5
Naked,£31.69,3/5
Morning Star (Red Rising #3),£29.40,1/5
"Miracles from Heaven: A Little Girl, Her Journey to Heaven, and Her Amazing Story of Healing",£57.83,1/5
Midnight Riot (Peter Grant/ Rivers of London - books #1),£55.46,2/5
Me Talk Pretty One Day,£57.60,2/5
Manuscript Found in Accra,£34.98,2/5
Lust & Wonder,£11.87,2/5
Lila (Gilead #3),£12.47,3/5
"Life, the Universe and Everything (Hitchhiker's Guide to the Galaxy #3)",£33.26,2/5
Life Without a Recipe,£59.04,5/5
Life After Life,£26.13,2/5
Letter to a Christian Nation,£22.20,1/5
Let's Pretend This Never Happened: A Mostly True Memoir,£45.11,1/5
Legend (Legend #1),£43.69,4/5
"Lean In: Women, Work, and the Will to Lead",£25.02,1/5
"Lamb: The Gospel According to Biff, Christ's Childhood Pal",£55.50,5/5
Lady Renegades (Rebel Belle #3),£53.04,5/5
Jurassic Park (Jurassic Park #1),£44.97,1/5
It's Never Too Late to Begin Again: Discovering Creativity and Meaning at Midlife and Beyond,£42.38,1/5
Is Everyone Hanging Out Without Me? (And Other Concerns),£20.11,3/5
Into the Wild,£56.70,5/5
Inferno (Robert Langdon #4),£41.00,5/5
"In the Garden of Beasts: Love, Terror, and an American Family in Hitler's Berlin",£28.85,3/5
If I Run (If I Run #1),£49.97,4/5
I've Got Your Number,£19.69,1/5
I Am Malala: The Girl Who Stood Up for Education and Was Shot by the Taliban,£28.88,2/5
Hungry Girl Clean & Hungry: Easy All-Natural Recipes for Healthy Eating in the Real World,£33.14,3/5
"House of Lost Worlds: Dinosaurs, Dynasties, and the Story of Life on Earth",£43.70,2/5
House of Leaves,£54.89,1/5
Horrible Bear!,£37.52,2/5
Holidays on Ice,£51.07,2/5
Heir to the Sky,£44.07,4/5
Green Eggs and Ham (Beginner Books B-16),£10.79,4/5
"Grayson, Vol 3: Nemesis (Grayson #3)",£42.72,1/5
Gratitude,£26.66,5/5
Gone Girl,£37.60,5/5
Golden (Heart of Dread #3),£42.21,4/5
Girl in the Blue Coat,£46.83,2/5
"Fruits Basket, Vol. 3 (Fruits Basket #3)",£45.17,2/5
"Friday Night Lights: A Town, a Team, and a Dream",£51.22,3/5
Fire Bound (Sea Haven/Sisters of the Heart #5),£21.28,4/5
Fifty Shades Freed (Fifty Shades #3),£15.36,5/5
Fellside,£38.62,1/5
Extreme Prey (Lucas Davenport #26),£25.40,3/5
Eragon (The Inheritance Cycle #1),£43.87,3/5
Eclipse (Twilight #3),£18.74,1/5
Dune (Dune #1),£54.86,1/5
Dracula,£52.62,3/5
Do Androids Dream of Electric Sheep? (Blade Runner #1),£51.48,1/5
Disrupted: My Misadventure in the Start-Up Bubble,£15.28,5/5
Dead Wake: The Last Crossing of the Lusitania,£39.24,5/5
"David and Goliath: Underdogs, Misfits, and the Art of Battling Giants",£17.81,1/5
Darkfever (Fever #1),£56.02,1/5
Dark Places,£23.90,5/5
Crazy Rich Asians (Crazy Rich Asians #1),£49.13,5/5
Counting Thyme,£10.62,1/5
Cosmos,£36.17,2/5
Civilization and Its Discontents,£59.95,2/5
Cinder (The Lunar Chronicles #1),£26.09,1/5
Catastrophic Happiness: Finding Joy in Childhood's Messy Years,£37.35,2/5
Career of Evil (Cormoran Strike #3),£24.72,2/5
Breaking Dawn (Twilight #4),£35.28,5/5
Brave Enough,£51.32,5/5
Boy Meets Boy,£21.12,3/5
"Born to Run: A Hidden Tribe, Superathletes, and the Greatest Race the World Has Never Seen",£27.35,2/5
Blink: The Power of Thinking Without Thinking,£21.74,5/5
Black Flags: The Rise of ISIS,£40.87,1/5
"Black Butler, Vol. 1 (Black Butler #1)",£49.31,1/5
Big Little Lies,£22.11,1/5
Between Shades of Gray,£20.79,5/5
Best of My Love (Fool's Gold #20),£27.41,2/5
Beowulf,£38.35,2/5
Beautiful Creatures (Caster Chronicles #1),£21.55,5/5
Awkward,£38.02,2/5
Ash,£22.06,4/5
Are We There Yet?,£10.66,3/5
Are We Smart Enough to Know How Smart Animals Are?,£56.58,1/5
Annie on My Mind,£36.83,5/5
And Then There Were None,£35.01,2/5
A Walk in the Woods: Rediscovering America on the Appalachian Trail,£30.48,4/5
A Visit from the Goon Squad,£14.08,5/5
A Storm of Swords (A Song of Ice and Fire #3),£31.22,2/5
A Heartbreaking Work of Staggering Genius,£54.29,5/5
8 Keys to Mental Health Through Exercise,£31.04,1/5
#GIRLBOSS,£50.96,1/5
"The Suffragettes (Little Black Classics, #96)",£11.89,2/5
The Sense of an Ending,£31.38,3/5
"The Sandman, Vol. 2: The Doll's House (The Sandman (volumes) #2)",£54.81,1/5
The Course of Love,£16.78,3/5
Sugar Rush (Offensive Line #2),£24.42,1/5
"Saga, Volume 2 (Saga (Collected Editions) #2)",£11.75,3/5
"Run, Spot, Run: The Ethics of Keeping Pets",£20.02,1/5
New Moon (Twilight #2),£12.86,4/5
Life,£31.58,5/5
Kindle Paperwhite User's Guide,£34.00,3/5
H is for Hawk,£57.42,5/5
Girl Online On Tour (Girl Online #2),£53.47,1/5
"Fruits Basket, Vol. 2 (Fruits Basket #2)",£11.64,5/5
Diary of a Minecraft Zombie Book 1: A Scare of a Dare (An Unofficial Minecraft Book),£52.88,4/5
"Y: The Last Man, Vol. 1: Unmanned (Y: The Last Man #1)",£18.51,4/5
While You Were Mine,£41.32,5/5
Where Lightning Strikes (Bleeding Stars #3),£39.77,3/5
When I'm Gone,£51.96,3/5
Ways of Seeing,£39.51,5/5
"Vampire Knight, Vol. 1 (Vampire Knight #1)",£15.40,1/5
Vampire Girl (Vampire Girl #1),£53.82,2/5
Twenty Love Poems and a Song of Despair,£30.95,4/5
Travels with Charley: In Search of America,£57.82,5/5
Three Wishes (River of Time: California #1),£44.18,2/5
This One Moment (Pushing Limits #1),£48.71,1/5
The Zombie Room,£19.69,5/5
"The Wicked + The Divine, Vol. 1: The Faust Act (The Wicked + The Divine)",£36.52,2/5
The Tumor,£41.56,5/5
The Story of Hong Gildong,£43.19,4/5
The Silent Wife,£12.34,5/5
The Silent Twin (Detective Jennifer Knight #3),£36.25,3/5
The Selfish Gene,£29.45,1/5
The Secret Healer,£34.56,3/5
"The Sandman, Vol. 1: Preludes and Nocturnes (The Sandman (volumes) #1)",£54.12,3/5
The Republic,£33.78,3/5
The Odyssey,£29.64,3/5
The No. 1 Ladies' Detective Agency (No. 1 Ladies' Detective Agency #1),£57.70,4/5
The Nicomachean Ethics,£36.34,1/5
The Name of the Wind (The Kingkiller Chronicle #1),£50.59,3/5
The Mirror & the Maze (The Wrath and the Dawn #1.5),£29.38,1/5
The Little Prince,£45.42,2/5
The Light of the Fireflies,£54.43,1/5
The Last Girl (The Dominion Trilogy #1),£36.26,2/5
The Iliad,£16.16,1/5
The Hook Up (Game On #1),£36.29,5/5
The Haters,£27.89,5/5
The Girl You Lost,£12.29,5/5
The Girl In The Ice (DCI Erika Foster #1),£15.85,3/5
The End of the Jesus Era (An Investigation #1),£14.40,1/5
The Edge of Reason (Bridget Jones #2),£19.18,4/5
The Complete Maus (Maus #1-2),£10.64,3/5
The Communist Manifesto,£14.76,3/5
The Bhagavad Gita,£57.49,3/5
The Bette Davis Club,£30.66,3/5
The Art of Not Breathing,£40.83,4/5
Taking Shots (Assassins #1),£18.88,2/5
Starlark,£25.83,3/5
"Skip Beat!, Vol. 01 (Skip Beat! #1)",£42.12,3/5
Sister Sable (The Mad Queen #1),£13.33,3/5
Shatter Me (Shatter Me #1),£42.40,1/5
Shameless,£58.35,3/5
Shadow Rites (Jane Yellowrock #10),£21.72,4/5
Settling the Score (The Summer Games #1),£44.91,2/5
Sense and Sensibility,£37.46,1/5
"Saga, Volume 1 (Saga (Collected Editions) #1)",£28.48,1/5
"Rhythm, Chord & Malykhin",£28.34,2/5
"Rat Queens, Vol. 1: Sass & Sorcery (Rat Queens (Collected Editions) #1-5)",£46.96,5/5
Paradise Lost (Paradise #1),£24.96,1/5
"Paper Girls, Vol. 1 (Paper Girls #1-5)",£21.71,4/5
"Ouran High School Host Club, Vol. 1 (Ouran High School Host Club #1)",£29.87,3/5
Origins (Alphas 0.5),£28.99,1/5
One Second (Seven #7),£52.94,2/5
On the Road (Duluoz Legend),£32.36,3/5
Old Records Never Die: One Man's Quest for His Vinyl and His Past,£55.66,2/5
Off Sides (Off #1),£39.45,5/5
Of Mice and Men,£47.11,2/5
Myriad (Prentor #1),£58.75,4/5
My Perfect Mistake (Over the Top #1),£38.92,2/5
"Ms. Marvel, Vol. 1: No Normal (Ms. Marvel (2014-2015) #1)",£39.39,4/5
Meditations,£25.89,2/5
Matilda,£28.34,1/5
Lost Among the Living,£27.70,4/5
Lord of the Flies,£24.89,3/5
Listen to Me (Fusion #1),£58.99,3/5
Kitchens of the Great Midwest,£57.20,5/5
Jane Eyre,£38.43,5/5
Imperfect Harmony,£34.74,4/5
Icing (Aces Hockey #2),£40.44,4/5
"Hawkeye, Vol. 1: My Life as a Weapon (Hawkeye #1)",£45.24,3/5
Having the Barbarian's Baby (Ice Planet Barbarians #7.5),£34.96,4/5
"Giant Days, Vol. 1 (Giant Days #1-4)",£56.76,4/5
"Fruits Basket, Vol. 1 (Fruits Basket #1)",£40.28,5/5
Frankenstein,£38.00,2/5
Forever Rockers (The Rocker #12),£28.80,3/5
Fighting Fate (Fighting #6),£39.24,3/5
Emma,£32.93,2/5
"Eat, Pray, Love",£51.32,3/5
Deep Under (Walker Security #1),£47.09,5/5
Choosing Our Religion: The Spiritual Lives of America's Nones,£28.42,4/5
Charlie and the Chocolate Factory (Charlie Bucket #1),£22.85,3/5
Charity's Cross (Charles Towne Belles #4),£41.24,1/5
Bright Lines,£39.07,5/5
Bridget Jones's Diary (Bridget Jones #1),£29.82,1/5
Bounty (Colorado Mountain #7),£37.26,4/5
Blood Defense (Samantha Brinkman #1),£20.30,3/5
"Bleach, Vol. 1: Strawberry and the Soul Reapers (Bleach #1)",£34.65,5/5
Beyond Good and Evil,£43.38,1/5
Alice in Wonderland (Alice's Adventures in Wonderland #1),£55.53,1/5
"Ajin: Demi-Human, Volume 1 (Ajin: Demi-Human #1)",£57.06,4/5
A Spy's Devotion (The Regency Spies of London #1),£16.97,5/5
1st to Die (Women's Murder Club #1),£53.98,1/5
"1,000 Places to See Before You Die",£26.08,5/5
